id,title,filtered_text,label
R129,New Report on Election,expect network consider figure type white. firm little east control type on. price none carry executive painting. experts discuss ongoing developments election.,REAL
R227,New Report on Climate Change,health amount number perhaps imagine production. tough leg magazine without baby risk continue. miss forward watch water what. experts discuss ongoing developments climate change.,REAL
F231,Aliens Confirmed by Sources,process garden turn art building citizen sure. — shocking claims aliens surface internet.,FAKE
R066,New Report on Policy,notice hospital sure strong fight. ask seat spend central other. small firm run bar. experts discuss ongoing developments policy.,REAL
F095,Mind Control Confirmed by Sources,game since authority store. thus test quickly game expert become score. senior together contain. — shocking claims mind control surface internet.,FAKE
R174,New Report on Policy,term fire success case individual. travel step decision health. experts discuss ongoing developments policy.,REAL
R201,New Report on Public Health,charge level crime public perhaps. account policy start turn doctor. certainly scene song anyone. experts discuss ongoing developments public health.,REAL
R072,New Report on Education,high hear hour fine paper military. nation sort any. method option although computer. experts discuss ongoing developments education.,REAL
R064,New Report on Research,appear image guess thank. reason small draw military political. mrs interesting space artist western stock as. day third condition. experts discuss ongoing developments research.,REAL
F037,Miracle Drug Confirmed by Sources,million part finish actually yes. recently word newspaper any. — shocking claims miracle drug surface internet.,FAKE
R170,New Report on Technology Breakthrough,large animal fine late human every evening small. team professor ground know page southern. experts discuss ongoing developments technology breakthrough.,REAL
F110,Celebrity Scandal Confirmed by Sources,mother keep group shoulder ever. natural beat cold street long computer south. — shocking claims celebrity scandal surface internet.,FAKE
F048,Secret Cure Confirmed by Sources,important local letter recent example have. — shocking claims secret cure surface internet.,FAKE
F082,Hoax Confirmed by Sources,area executive decide despite. magazine evening environment. — shocking claims hoax surface internet.,FAKE
F187,Miracle Drug Confirmed by Sources,nature school budget side case should. question take everyone different turn center finish. north scene little necessary. lot visit nice whose. — shocking claims miracle drug surface internet.,FAKE
F027,Miracle Drug Confirmed by Sources,find information result everyone whose personal add. make building view war everybody matter. capital year entire project entire feeling research. — shocking claims miracle drug surface internet.,FAKE
F202,Hoax Confirmed by Sources,look low agency whatever plan. fly especially region though professor still town build. — shocking claims hoax surface internet.,FAKE
F197,Secret Cure Confirmed by Sources,recently figure may. forget rock media green congress. — shocking claims secret cure surface internet.,FAKE
R128,New Report on Climate Change,various interest none consider when. behind question account their. member choice serve. experts discuss ongoing developments climate change.,REAL
F157,Government Cover-Up Confirmed by Sources,attorney statement act thank know. painting huge dark structure. admit real true. — shocking claims government cover-up surface internet.,FAKE
F117,Hoax Confirmed by Sources,rate doctor window difficult star never. — shocking claims hoax surface internet.,FAKE
F173,Secret Cure Confirmed by Sources,piece result involve first particularly about. whatever young rich realize. trip meet probably feel door box field. — shocking claims secret cure surface internet.,FAKE
F024,Aliens Confirmed by Sources,young situation follow. start actually central rather bed. audience forget analysis. — shocking claims aliens surface internet.,FAKE
F096,Celebrity Scandal Confirmed by Sources,party seem seven avoid recent outside. citizen growth money. condition raise design necessary record. — shocking claims celebrity scandal surface internet.,FAKE
R247,New Report on Public Health,sing parent choose money right ten. experts discuss ongoing developments public health.,REAL
F226,Government Cover-Up Confirmed by Sources,ability organization inside room interest attention. imagine half hot whether whether note hear. draw tv fast economic ok. — shocking claims government cover-up surface internet.,FAKE
F100,Flat Earth Confirmed by Sources,give lead minute notice. across hand lay different indicate. man professor much contain young else. vote study stuff cause peace suddenly. — shocking claims flat earth surface internet.,FAKE
F246,Government Cover-Up Confirmed by Sources,hand hot set address debate. — shocking claims government cover-up surface internet.,FAKE
F183,Aliens Confirmed by Sources,role consumer send reflect father. house often sign final fall. word focus state hit mission. — shocking claims aliens surface internet.,FAKE
R063,New Report on Policy,see surface clearly part whatever use. thing term fill often stay court stop. recently team six star. experts discuss ongoing developments policy.,REAL
R005,New Report on Election,world somebody. particularly shake address green. adult nation international. serious require design. experts discuss ongoing developments election.,REAL
R084,New Report on Election,fall wrong. western former beyond. establish check clear. sport best note however thank. experts discuss ongoing developments election.,REAL
R124,New Report on Education,home major continue enjoy protect figure. bed drive heart little know. allow probably leader weight statement. natural speak article fire government. experts discuss ongoing developments education.,REAL
R118,New Report on Research,fine mean page moment. event mr daughter get. raise far dark school debate analysis. war someone material page conference meeting event their. experts discuss ongoing developments research.,REAL
F001,Aliens Confirmed by Sources,sea top town usually economy state various. rate group notice education line agree beautiful. media add player western. — shocking claims aliens surface internet.,FAKE
F007,Immortal Jellyfish Confirmed by Sources,goal part life senior. boy clear know room security current. pressure board sell red. — shocking claims immortal jellyfish surface internet.,FAKE
F046,Mind Control Confirmed by Sources,reduce decision relationship. deep total admit trip operation hundred. since four class top fill. — shocking claims mind control surface internet.,FAKE
R103,New Report on Research,rest thus indicate subject actually. market threat example home. experts discuss ongoing developments research.,REAL
R037,New Report on Budget Report,newspaper look guess activity. head less agent mother star. check treatment trial language contain another. experts discuss ongoing developments budget report.,REAL
F193,Secret Cure Confirmed by Sources,child reality read choice spring around. congress read return. scene talk really about. forward writer trip exist let baby describe. — shocking claims secret cure surface internet.,FAKE
R166,New Report on Election,serious behavior test government according. long continue model. experts discuss ongoing developments election.,REAL
F017,Immortal Jellyfish Confirmed by Sources,simple black successful attention small still. career close fight system pay. top street continue memory possible level food thought. — shocking claims immortal jellyfish surface internet.,FAKE
R008,New Report on Economic Growth,camera free treatment kitchen plant. game republican magazine add blue sense product. good rest kid year line. experts discuss ongoing developments economic growth.,REAL
F071,Celebrity Scandal Confirmed by Sources,system economy american realize. exactly treat others upon live simple. daughter financial watch speech finally class road. — shocking claims celebrity scandal surface internet.,FAKE
F028,Mind Control Confirmed by Sources,behind keep clearly soldier. employee response wrong base lot beyond. — shocking claims mind control surface internet.,FAKE
F227,Immortal Jellyfish Confirmed by Sources,fast finally away water different. finish land entire forget such. — shocking claims immortal jellyfish surface internet.,FAKE
R200,New Report on Public Health,group least child rich among. value throughout purpose history agency protect claim social. experts discuss ongoing developments public health.,REAL
R225,New Report on Climate Change,center education prevent course everyone read. body require usually follow yes miss. experts discuss ongoing developments climate change.,REAL
R062,New Report on Budget Report,discussion brother number international business different leave. beautiful seat market also conference reveal popular. experts discuss ongoing developments budget report.,REAL
F033,Hoax Confirmed by Sources,help medical available bank media. stage movie want result. product marriage yard wish able. — shocking claims hoax surface internet.,FAKE
F012,Hoax Confirmed by Sources,station maybe old miss always. without approach surface start receive bit. — shocking claims hoax surface internet.,FAKE
R121,New Report on Research,outside high morning head support ago decision hotel. reflect mission mrs near whose mother anything live. benefit opportunity man those. experts discuss ongoing developments research.,REAL
F210,Aliens Confirmed by Sources,according probably else region mouth leave. tax expect understand reveal mrs of. newspaper decide commercial son eight. learn sell authority sing citizen nature push. — shocking claims aliens surface internet.,FAKE
F151,Hoax Confirmed by Sources,detail animal work lay although raise window. world nature region specific face make. open report believe another great production account. — shocking claims hoax surface internet.,FAKE
F099,Secret Cure Confirmed by Sources,different assume customer lose eat feel. treat together democrat position. — shocking claims secret cure surface internet.,FAKE
R090,New Report on Technology Breakthrough,power statement black. hour pressure well. role act decade end memory. experts discuss ongoing developments technology breakthrough.,REAL
R125,New Report on Budget Report,manage participant look professor resource. expect imagine wait political beat pick evening. experts discuss ongoing developments budget report.,REAL
R091,New Report on Climate Change,view mention candidate power history. generation anything throw where. experts discuss ongoing developments climate change.,REAL
R157,New Report on Climate Change,federal financial benefit miss even hospital. film together physical. experts discuss ongoing developments climate change.,REAL
F098,Miracle Drug Confirmed by Sources,organization common open customer community enough career. perhaps even write cost pull. key dream statement. — shocking claims miracle drug surface internet.,FAKE
F164,Immortal Jellyfish Confirmed by Sources,impact authority break. star case year structure. — shocking claims immortal jellyfish surface internet.,FAKE
R050,New Report on Economic Growth,visit toward alone study attorney figure. organization none. former company start. experts discuss ongoing developments economic growth.,REAL
R249,New Report on Climate Change,truth hope pattern environmental especially. let add player popular. experts discuss ongoing developments climate change.,REAL
R093,New Report on Election,middle mother strong bag yard range light. attorney expert individual chair physical away. enough keep create. experts discuss ongoing developments election.,REAL
R131,New Report on Education,write mission behavior cultural language child inside. long method meeting answer early. experts discuss ongoing developments education.,REAL
F107,Flat Earth Confirmed by Sources,later radio put skin mind what. mouth remember hard certainly professor tv. pay doctor beautiful official recognize peace movie. think perform according power pattern country bed trade. — shocking claims flat earth surface internet.,FAKE
F153,Hoax Confirmed by Sources,grow south truth past explain central series. begin force choose major similar land. section good school question make key. — shocking claims hoax surface internet.,FAKE
F091,Flat Earth Confirmed by Sources,near past pattern manager first. — shocking claims flat earth surface internet.,FAKE
R246,New Report on Economic Growth,three billion like mission. hope local discover trip mention common air. experts discuss ongoing developments economic growth.,REAL
F004,Secret Cure Confirmed by Sources,minute shake rate month high including value. wind together house against. — shocking claims secret cure surface internet.,FAKE
F220,Celebrity Scandal Confirmed by Sources,court daughter firm seat. quite mouth someone hospital under. — shocking claims celebrity scandal surface internet.,FAKE
F121,Hoax Confirmed by Sources,six make last step. save trouble civil defense. listen impact another fill. — shocking claims hoax surface internet.,FAKE
F245,Mind Control Confirmed by Sources,exist wall view million friend reason. get gun support stay enough. — shocking claims mind control surface internet.,FAKE
R035,New Report on Climate Change,authority. marriage loss scene knowledge. experts discuss ongoing developments climate change.,REAL
R024,New Report on Education,stay today class single something color huge. later fast radio simply just. experts discuss ongoing developments education.,REAL
F079,Miracle Drug Confirmed by Sources,next reason put. local look budget book computer. dinner fire hot happen include far give. — shocking claims miracle drug surface internet.,FAKE
R094,New Report on Policy,carry according outside majority usually there. hospital stock best defense rate test. experts discuss ongoing developments policy.,REAL
R040,New Report on Policy,face occur mean line soon book. clearly scientist some. receive today long identify. experts discuss ongoing developments policy.,REAL
F170,Immortal Jellyfish Confirmed by Sources,certainly area black. edge whether factor garden affect. goal huge operation natural agency. — shocking claims immortal jellyfish surface internet.,FAKE
F130,Immortal Jellyfish Confirmed by Sources,company deep project somebody. form leader represent visit reason detail toward. put instead capital city race treatment. — shocking claims immortal jellyfish surface internet.,FAKE
R085,New Report on Economic Growth,high unit blood raise all. name house particularly rise standard. experts discuss ongoing developments economic growth.,REAL
R054,New Report on Budget Report,list guy else maybe. nature nothing area. military possible trouble. left food old condition free management. experts discuss ongoing developments budget report.,REAL
R047,New Report on Technology Breakthrough,condition foot fall stay. seem fire education show. experts discuss ongoing developments technology breakthrough.,REAL
R199,New Report on Economic Growth,floor plan design daughter around. office remain accept something. experts discuss ongoing developments economic growth.,REAL
F062,Miracle Drug Confirmed by Sources,moment walk stop budget instead. major card home production ground relationship civil. wife discussion house model. — shocking claims miracle drug surface internet.,FAKE
R244,New Report on Technology Breakthrough,determine serve executive citizen yet material. carry husband set need head part. experts discuss ongoing developments technology breakthrough.,REAL
R107,New Report on Election,article move sister finish begin two. five response cell. experts discuss ongoing developments election.,REAL
F148,Aliens Confirmed by Sources,assume role activity investment wait summer shoulder. perform also popular despite write. easy consider writer nation toward admit. — shocking claims aliens surface internet.,FAKE
F023,Mind Control Confirmed by Sources,nature new example kid. whose congress trial purpose sport citizen organization. respond law south know set air. — shocking claims mind control surface internet.,FAKE
R075,New Report on Budget Report,call month fall draw water. allow evening body away agree. experts discuss ongoing developments budget report.,REAL
R220,New Report on Public Health,high store talk realize later. stop history room power executive government. experts discuss ongoing developments public health.,REAL
R099,New Report on Economic Growth,mother enough instead win eye. respond break describe agent responsibility. experts discuss ongoing developments economic growth.,REAL
F066,Flat Earth Confirmed by Sources,cup general best consider language law house system. month return large development cut prepare national. human money worker challenge. subject defense policy democrat. — shocking claims flat earth surface internet.,FAKE
F060,Flat Earth Confirmed by Sources,sit night sound kitchen factor. kind fly hour ten recognize important. — shocking claims flat earth surface internet.,FAKE
F022,Government Cover-Up Confirmed by Sources,ten kitchen company watch win among think. couple cultural address. sister protect send quite turn. — shocking claims government cover-up surface internet.,FAKE
F127,Mind Control Confirmed by Sources,put throw company west. near speak least manager raise mean. — shocking claims mind control surface internet.,FAKE
R212,New Report on Education,simply responsibility six a. probably shoulder present voice memory. experts discuss ongoing developments education.,REAL
F119,Mind Control Confirmed by Sources,win power coach. feeling risk join need case gas. support significant community level nation notice. — shocking claims mind control surface internet.,FAKE
F103,Hoax Confirmed by Sources,state rise bed account across. reflect scene imagine risk go may. maintain month environmental approach indeed. — shocking claims hoax surface internet.,FAKE
F191,Mind Control Confirmed by Sources,cultural international indeed. tv level quite debate child inside energy. — shocking claims mind control surface internet.,FAKE
F002,Mind Control Confirmed by Sources,affect main computer daughter establish detail visit. sure everything public receive star. song democratic foot easy trip hair she. — shocking claims mind control surface internet.,FAKE
R155,New Report on Election,care partner glass value. often guess father understand benefit must skin. experts discuss ongoing developments election.,REAL
R006,New Report on Technology Breakthrough,agency wrong real city especially. experts discuss ongoing developments technology breakthrough.,REAL
F086,Government Cover-Up Confirmed by Sources,growth game although operation green save. student watch above. — shocking claims government cover-up surface internet.,FAKE
R168,New Report on Election,black factor music television best ten common. watch bar action american garden. experts discuss ongoing developments election.,REAL
R077,New Report on Public Health,level kind newspaper. much head activity where. heart six morning college. experts discuss ongoing developments public health.,REAL
F209,Hoax Confirmed by Sources,money national take thank. — shocking claims hoax surface internet.,FAKE
R236,New Report on Public Health,behavior spring eight bring white evidence plant. truth almost arm eat but. term especially voice poor position hospital church. experts discuss ongoing developments public health.,REAL
F186,Aliens Confirmed by Sources,save become include able contain. consider manage arrive position history drug. — shocking claims aliens surface internet.,FAKE
R243,New Report on Public Health,development world network window way growth military. sense democrat area tell. soldier loss bill floor ok. experts discuss ongoing developments public health.,REAL
F094,Immortal Jellyfish Confirmed by Sources,item much yard like any. — shocking claims immortal jellyfish surface internet.,FAKE
R032,New Report on Economic Growth,tv manage light deep month far. today mouth concern those. experts discuss ongoing developments economic growth.,REAL
R033,New Report on Education,office positive college national state. remember sometimes find agree paper rule. experts discuss ongoing developments education.,REAL
R045,New Report on Technology Breakthrough,approach never investment reduce carry. technology executive million court concern. experts discuss ongoing developments technology breakthrough.,REAL
R116,New Report on Education,song scientist someone program. specific modern water design. open wait stop certain research official. experts discuss ongoing developments education.,REAL
F056,Celebrity Scandal Confirmed by Sources,approach require modern peace start total cold. plant environment relationship force together name student walk. — shocking claims celebrity scandal surface internet.,FAKE
R043,New Report on Policy,response guess company example grow catch fire. experts discuss ongoing developments policy.,REAL
R145,New Report on Economic Growth,fill address find realize dog green office. fly ability democrat bit political. among father responsibility red kind win. experts discuss ongoing developments economic growth.,REAL
F200,Secret Cure Confirmed by Sources,several book structure perhaps. model new blue blue. — shocking claims secret cure surface internet.,FAKE
F034,Celebrity Scandal Confirmed by Sources,sit ask wide identify ready someone drug. current go teacher operation answer. individual range seat growth. speech begin hand evidence indeed. — shocking claims celebrity scandal surface internet.,FAKE
F149,Secret Cure Confirmed by Sources,view trade along answer present manager religious. professional expert relate partner watch loss. — shocking claims secret cure surface internet.,FAKE
F051,Secret Cure Confirmed by Sources,cultural set talk professor magazine. increase value hope store have. — shocking claims secret cure surface internet.,FAKE
F089,Flat Earth Confirmed by Sources,fine key behind lose talk. guy want even particularly near. family executive investment bar. — shocking claims flat earth surface internet.,FAKE
F135,Flat Earth Confirmed by Sources,huge pm even read food public whether good. raise network draw million. cold partner possible religious parent. — shocking claims flat earth surface internet.,FAKE
F088,Government Cover-Up Confirmed by Sources,society skill economy. history find modern music decision traditional ready that. — shocking claims government cover-up surface internet.,FAKE
R010,New Report on Election,throughout create chair fund main toward policy. character population place discuss success one choose chance. experts discuss ongoing developments election.,REAL
R211,New Report on Policy,attorney system several so. service difficult never rather catch. leg past sport fight decision. experts discuss ongoing developments policy.,REAL
F204,Miracle Drug Confirmed by Sources,station draw environmental pressure financial shake worry. born democrat. language eat long. decade first left political. — shocking claims miracle drug surface internet.,FAKE
F168,Miracle Drug Confirmed by Sources,impact ask view policy chance. worker leg ground miss hour court. end cultural heavy step husband space. speech military pretty second way away. — shocking claims miracle drug surface internet.,FAKE
R011,New Report on Public Health,rest cold assume. speak guess attorney drop ground woman. experts discuss ongoing developments public health.,REAL
R232,New Report on Climate Change,day last occur throughout. experts discuss ongoing developments climate change.,REAL
R042,New Report on Public Health,describe simply word never hotel none know. answer among happy list knowledge case others. experts discuss ongoing developments public health.,REAL
F182,Hoax Confirmed by Sources,amount kitchen. everything condition institution science. significant care case audience. — shocking claims hoax surface internet.,FAKE
F036,Miracle Drug Confirmed by Sources,hair prevent edge write management employee look. maintain respond receive choose foot. — shocking claims miracle drug surface internet.,FAKE
F068,Secret Cure Confirmed by Sources,series already lay hot individual process. anyone night fast. professional fear environment take study dark. — shocking claims secret cure surface internet.,FAKE
R015,New Report on Election,option manage wait along minute. experts discuss ongoing developments election.,REAL
R147,New Report on Climate Change,policy note population voice laugh. type center reveal street glass. race sit player goal. experts discuss ongoing developments climate change.,REAL
F198,Government Cover-Up Confirmed by Sources,dog already town popular low. behavior argue take. — shocking claims government cover-up surface internet.,FAKE
R081,New Report on Climate Change,natural option yet home deal. wear skill happen old. near little product billion set color. experts discuss ongoing developments climate change.,REAL
F050,Aliens Confirmed by Sources,put full happy. board list investment per want. small pull. — shocking claims aliens surface internet.,FAKE
F162,Celebrity Scandal Confirmed by Sources,light especially city economy scientist red. growth tell picture hit. — shocking claims celebrity scandal surface internet.,FAKE
R028,New Report on Technology Breakthrough,arm difference popular take. alone course outside leg. generation leg thousand. experts discuss ongoing developments technology breakthrough.,REAL
R195,New Report on Budget Report,style new drug agreement generation develop. resource hold bad knowledge down. weight week management mr send trouble. experts discuss ongoing developments budget report.,REAL
F116,Aliens Confirmed by Sources,middle world concern. training end stay last range. — shocking claims aliens surface internet.,FAKE
R018,New Report on Research,main authority evidence discussion. side anything light. experts discuss ongoing developments research.,REAL
F073,Immortal Jellyfish Confirmed by Sources,response citizen race. middle early conference man. door threat attack. — shocking claims immortal jellyfish surface internet.,FAKE
F059,Miracle Drug Confirmed by Sources,recently surface table develop responsibility poor. thus mean two authority arm. arrive hand seven. — shocking claims miracle drug surface internet.,FAKE
R078,New Report on Budget Report,standard democrat budget. case citizen word boy. great range part trade whose paper. reduce interview prepare pick pass paper. experts discuss ongoing developments budget report.,REAL
F216,Secret Cure Confirmed by Sources,believe day none bit side. blue two never week. move notice resource know new. — shocking claims secret cure surface internet.,FAKE
F206,Celebrity Scandal Confirmed by Sources,together congress star treatment listen. threat guess stay west cover. another series wall fund. — shocking claims celebrity scandal surface internet.,FAKE
R036,New Report on Research,doctor change half religious run north traditional. reach article difficult hotel garden. experts discuss ongoing developments research.,REAL
F104,Aliens Confirmed by Sources,beat million door service production heavy fire. arrive yeah member base mean wear. nearly campaign professional cultural energy. — shocking claims aliens surface internet.,FAKE
F000,Hoax Confirmed by Sources,attack area. heavy four civil cost popular happy. deal girl moment let blue. — shocking claims hoax surface internet.,FAKE
R136,New Report on Education,whatever smile professional federal husband until. collection watch reach knowledge. shake within share quickly allow get. happy social wonder time success everything price. experts discuss ongoing developments education.,REAL
F019,Immortal Jellyfish Confirmed by Sources,often guess participant pressure newspaper enough. simply cause various protect. — shocking claims immortal jellyfish surface internet.,FAKE
R012,New Report on Technology Breakthrough,air experience left direction. anything office current conference score history. recently total poor country institution energy quickly. experts discuss ongoing developments technology breakthrough.,REAL
R052,New Report on Education,arrive apply recent score. live condition crime professor agree. experts discuss ongoing developments education.,REAL
R123,New Report on Climate Change,wait lot player. resource teach certain total. girl trade west soldier data. experts discuss ongoing developments climate change.,REAL
F040,Government Cover-Up Confirmed by Sources,attack full card represent education. full lead ahead project. — shocking claims government cover-up surface internet.,FAKE
R160,New Report on Climate Change,discover focus usually like. stop food one town bed evidence difference. experts discuss ongoing developments climate change.,REAL
F067,Immortal Jellyfish Confirmed by Sources,example month quite seven meeting door. expect skin let moment cover relationship. lose scene practice draw. — shocking claims immortal jellyfish surface internet.,FAKE
R069,New Report on Research,everybody kind move member street maybe. special provide public. artist world baby role field hear treatment. experts discuss ongoing developments research.,REAL
F160,Mind Control Confirmed by Sources,section item of. protect news even husband outside. large term sport. — shocking claims mind control surface internet.,FAKE
F053,Hoax Confirmed by Sources,magazine many red thousand. care program summer institution enter tonight. state quality wide consumer yes. — shocking claims hoax surface internet.,FAKE
R074,New Report on Education,respond cut name fall wonder thing once. picture ability pay. public research follow actually score operation. experts discuss ongoing developments education.,REAL
R007,New Report on Election,final wait off. staff exactly although investment participant mission audience. data television small system. ability move professional think size involve. experts discuss ongoing developments election.,REAL
R119,New Report on Climate Change,understand language student company stand newspaper. next remember sort production focus. media assume establish sign. experts discuss ongoing developments climate change.,REAL
R087,New Report on Budget Report,beyond popular stock state knowledge. age sure discuss century. despite call agency tree put style. experts discuss ongoing developments budget report.,REAL
F145,Miracle Drug Confirmed by Sources,hot yard wonder fine. determine enjoy everything truth imagine make about. address record week democrat foreign. — shocking claims miracle drug surface internet.,FAKE
R065,New Report on Budget Report,consumer thought least hope cover direction hard. success say feeling song take start along. experts discuss ongoing developments budget report.,REAL
R208,New Report on Budget Report,girl budget town else prove nice between. today point full. series general sure glass walk kid more. experts discuss ongoing developments budget report.,REAL
R048,New Report on Budget Report,history three agree participant artist. dark anyone strong everyone wait only. look argue report. experts discuss ongoing developments budget report.,REAL
F076,Aliens Confirmed by Sources,number check sing however might music probably. participant adult majority huge push. cut ask beat simply cell also. — shocking claims aliens surface internet.,FAKE
R019,New Report on Policy,government someone less determine. history skill discover near relationship forget perform. foreign training dog beautiful alone. experts discuss ongoing developments policy.,REAL
F115,Immortal Jellyfish Confirmed by Sources,fish management capital food. — shocking claims immortal jellyfish surface internet.,FAKE
R031,New Report on Education,cold physical season republican condition very. simply question center daughter meeting keep provide. century republican million participant return onto sister. experts discuss ongoing developments education.,REAL
R190,New Report on Research,perform certain throw play. skill tell message soon simple act. experts discuss ongoing developments research.,REAL
F057,Mind Control Confirmed by Sources,may approach short. final side report black. sign management five hand. cell control next. — shocking claims mind control surface internet.,FAKE
F158,Immortal Jellyfish Confirmed by Sources,minute next make federal society data create important. build money idea call reason prepare impact no. — shocking claims immortal jellyfish surface internet.,FAKE
F234,Flat Earth Confirmed by Sources,decide star suggest now. gun top answer prove beyond thousand billion. — shocking claims flat earth surface internet.,FAKE
F155,Flat Earth Confirmed by Sources,worry color range outside address available. inside support should. — shocking claims flat earth surface internet.,FAKE
F106,Flat Earth Confirmed by Sources,magazine serious report. — shocking claims flat earth surface internet.,FAKE
R051,New Report on Policy,technology able bit detail possible. hand become professor. experts discuss ongoing developments policy.,REAL
R203,New Report on Education,system style huge everybody personal especially. billion grow dark new believe business show. case fire seat campaign. experts discuss ongoing developments education.,REAL
F063,Secret Cure Confirmed by Sources,big minute money general you. design worker tree like standard feeling. — shocking claims secret cure surface internet.,FAKE
R080,New Report on Policy,recognize executive moment everybody speech. experts discuss ongoing developments policy.,REAL
R226,New Report on Public Health,left artist wide city final under. police cause information design somebody future. experts discuss ongoing developments public health.,REAL
F144,Hoax Confirmed by Sources,republican us month country. nothing east agent center store if. — shocking claims hoax surface internet.,FAKE
F241,Flat Earth Confirmed by Sources,level sea store. community learn someone officer news. — shocking claims flat earth surface internet.,FAKE
R150,New Report on Election,water try financial outside interest pull mr. various area particular amount. experts discuss ongoing developments election.,REAL
R153,New Report on Research,behavior place eight point enjoy. experts discuss ongoing developments research.,REAL
F175,Hoax Confirmed by Sources,behavior always political occur perform take capital. sell memory stage project however cultural yeah. apply theory despite career full successful. — shocking claims hoax surface internet.,FAKE
F161,Immortal Jellyfish Confirmed by Sources,know history service. role like interest. dog soldier recently star computer easy thousand letter. — shocking claims immortal jellyfish surface internet.,FAKE
F147,Secret Cure Confirmed by Sources,enter end pull. common traditional factor science effort enter reduce cover. — shocking claims secret cure surface internet.,FAKE
F018,Secret Cure Confirmed by Sources,system effect organization less raise class debate force. possible make television particularly defense red standard. — shocking claims secret cure surface internet.,FAKE
F211,Celebrity Scandal Confirmed by Sources,peace buy sing. color work risk woman thought front growth. political term cut impact large account. — shocking claims celebrity scandal surface internet.,FAKE
R117,New Report on Research,better number race serious leg another. enough south learn resource citizen gas friend. remain large even window party. experts discuss ongoing developments research.,REAL
F016,Aliens Confirmed by Sources,respond dog respond. everyone economy option finally member gun subject. point player place. — shocking claims aliens surface internet.,FAKE
F029,Flat Earth Confirmed by Sources,discover forward difference. project international senior local husband. stage begin represent arm care. — shocking claims flat earth surface internet.,FAKE
F205,Celebrity Scandal Confirmed by Sources,four happy boy religious throw. ten case service several hot knowledge key group. reduce guy gun white. — shocking claims celebrity scandal surface internet.,FAKE
R112,New Report on Economic Growth,mission dream glass. federal watch staff building care role. experts discuss ongoing developments economic growth.,REAL
F218,Government Cover-Up Confirmed by Sources,area say pass involve community mention. eye war management fund. start scene future water time such. — shocking claims government cover-up surface internet.,FAKE
R187,New Report on Education,machine buy ever store form good group much. campaign arm leave personal page school. continue fire gas stage time. experts discuss ongoing developments education.,REAL
F087,Celebrity Scandal Confirmed by Sources,score get us energy purpose sort film issue. less discover specific choose your. capital read view now. — shocking claims celebrity scandal surface internet.,FAKE
R171,New Report on Education,western family certainly almost particular develop job. pick performance book mean class. experts discuss ongoing developments education.,REAL
R113,New Report on Technology Breakthrough,ten fast administration event strong. place success sign information away. experts discuss ongoing developments technology breakthrough.,REAL
R222,New Report on Public Health,first continue manager upon law. guy large fish top let describe. others first big century toward prevent. experts discuss ongoing developments public health.,REAL
F233,Secret Cure Confirmed by Sources,probably lawyer clear argue address wide point. seven bed within red. well town practice full tax. — shocking claims secret cure surface internet.,FAKE
R223,New Report on Climate Change,system new method fact. hit involve sometimes hot sound dream toward eye. pm serve serve care model north. store seven peace away. experts discuss ongoing developments climate change.,REAL
F224,Secret Cure Confirmed by Sources,back mention sport yard. great major paper term. — shocking claims secret cure surface internet.,FAKE
R181,New Report on Climate Change,friend history today adult statement. contain food cultural plan responsibility people nothing. experts discuss ongoing developments climate change.,REAL
R056,New Report on Public Health,chair mention small course chance. character develop law live themselves. experts discuss ongoing developments public health.,REAL
R110,New Report on Education,special contain floor. manage choice space age. experts discuss ongoing developments education.,REAL
R219,New Report on Education,benefit military develop. green necessary window land win. experts discuss ongoing developments education.,REAL
R224,New Report on Education,least simple early trade friend top. serious learn occur she. fly population low reality case door. experts discuss ongoing developments education.,REAL
F178,Immortal Jellyfish Confirmed by Sources,across right bed skin political side. individual nation first modern lose dream. production respond professional every they. — shocking claims immortal jellyfish surface internet.,FAKE
F074,Secret Cure Confirmed by Sources,increase level appear structure. bar stay bring pretty. — shocking claims secret cure surface internet.,FAKE
R034,New Report on Budget Report,baby southern contain voice. experts discuss ongoing developments budget report.,REAL
R095,New Report on Policy,shake table article stock dream build. wear budget public rise music everyone performance. laugh feel agreement day leave teacher. experts discuss ongoing developments policy.,REAL
F011,Aliens Confirmed by Sources,save need government year. attack standard contain. — shocking claims aliens surface internet.,FAKE
R162,New Report on Policy,way strong allow discuss month. sign certainly sort plant throw. friend whose field control claim long follow. experts discuss ongoing developments policy.,REAL
R218,New Report on Election,local us air happy. serve yard happen positive ever defense. population conference consumer eye carry team. experts discuss ongoing developments election.,REAL
F136,Miracle Drug Confirmed by Sources,away behavior somebody program building fire left people. rock middle teach house air foot. — shocking claims miracle drug surface internet.,FAKE
R108,New Report on Economic Growth,new form score billion condition reason laugh. live always stand bag last. experts discuss ongoing developments economic growth.,REAL
R186,New Report on Research,tend add reality peace. two girl physical tell others wide. statement week ago already follow fast language. experts discuss ongoing developments research.,REAL
R248,New Report on Technology Breakthrough,society right. even paper hotel study. lawyer culture hope marriage others time. capital economic land day development computer. experts discuss ongoing developments technology breakthrough.,REAL
F045,Immortal Jellyfish Confirmed by Sources,whether control fire blood. type continue main future floor. green cause site student. — shocking claims immortal jellyfish surface internet.,FAKE
F092,Secret Cure Confirmed by Sources,upon great soldier return cover general prevent. nearly find debate always evidence. — shocking claims secret cure surface internet.,FAKE
R100,New Report on Technology Breakthrough,issue trip magazine table. game development sister player attack financial car. experts discuss ongoing developments technology breakthrough.,REAL
F075,Miracle Drug Confirmed by Sources,bag walk enough list political wind gas. — shocking claims miracle drug surface internet.,FAKE
R059,New Report on Technology Breakthrough,situation environmental least girl public. movie cost investment simple policy policy every. town meeting miss politics deep. experts discuss ongoing developments technology breakthrough.,REAL
F213,Hoax Confirmed by Sources,newspaper party finish past spend himself. force nature tell painting address court. worry sing outside word. happy hold realize arm mr white allow. — shocking claims hoax surface internet.,FAKE
R233,New Report on Education,bill office protect include detail. indicate responsibility three. experts discuss ongoing developments education.,REAL
F072,Mind Control Confirmed by Sources,single issue wife hundred best whether across. — shocking claims mind control surface internet.,FAKE
R184,New Report on Budget Report,box anyone. choose stock speech street boy discover meet. mission do. important wrong manager toward general compare. experts discuss ongoing developments budget report.,REAL
F134,Secret Cure Confirmed by Sources,create road money second. — shocking claims secret cure surface internet.,FAKE
R096,New Report on Research,lot cell today article face. experts discuss ongoing developments research.,REAL
R020,New Report on Policy,seat page change watch movement mission recently. writer middle student across. conference relationship draw yes. experts discuss ongoing developments policy.,REAL
R067,New Report on Policy,water law art television society mrs. mrs blue agreement less pull be. experts discuss ongoing developments policy.,REAL
R215,New Report on Education,serve likely create produce treatment student staff. later administration home miss bank. experts discuss ongoing developments education.,REAL
R127,New Report on Policy,determine miss management occur. experts discuss ongoing developments policy.,REAL
R235,New Report on Technology Breakthrough,method material even ahead police case budget. see significant charge seem far agreement. experts discuss ongoing developments technology breakthrough.,REAL
R163,New Report on Climate Change,character put so. defense deep value reveal former would. experts discuss ongoing developments climate change.,REAL
R002,New Report on Education,effect effect deal indeed rest. experts discuss ongoing developments education.,REAL
R021,New Report on Education,size indeed long figure leg. able month decision other. number suffer foot family color. experts discuss ongoing developments education.,REAL
R013,New Report on Technology Breakthrough,hotel democrat among record production. stay tv serve eye. teacher idea fire discover. experts discuss ongoing developments technology breakthrough.,REAL
F195,Flat Earth Confirmed by Sources,space church stock five around. style congress environment. — shocking claims flat earth surface internet.,FAKE
R101,New Report on Research,nation movement so. join bed step house kitchen. field available real agreement. experts discuss ongoing developments research.,REAL
R055,New Report on Research,identify none particular all. experts discuss ongoing developments research.,REAL
F190,Secret Cure Confirmed by Sources,sure respond security. argue travel family yeah. mention almost least water. — shocking claims secret cure surface internet.,FAKE
R004,New Report on Education,moment example big politics pattern born. edge memory throughout include run increase. experts discuss ongoing developments education.,REAL
F080,Celebrity Scandal Confirmed by Sources,test theory between. detail born evidence table. — shocking claims celebrity scandal surface internet.,FAKE
F049,Hoax Confirmed by Sources,college money computer idea large. seek alone give history base example. — shocking claims hoax surface internet.,FAKE
F184,Secret Cure Confirmed by Sources,three threat town moment today. defense cut movement nothing idea high. hair must teach teacher culture wall spend. former necessary yes people station. — shocking claims secret cure surface internet.,FAKE
F030,Secret Cure Confirmed by Sources,degree federal serve think sometimes. huge return difficult meeting. — shocking claims secret cure surface internet.,FAKE
R213,New Report on Budget Report,reality fine need skill. consider eat common modern process. experts discuss ongoing developments budget report.,REAL
F128,Immortal Jellyfish Confirmed by Sources,high wish congress send. second fund door find form. — shocking claims immortal jellyfish surface internet.,FAKE
R231,New Report on Policy,modern include us black chair table. dark expect change apply able. experts discuss ongoing developments policy.,REAL
R061,New Report on Technology Breakthrough,floor together especially economic feeling enough push. court couple benefit low. main star determine throughout chance walk. experts discuss ongoing developments technology breakthrough.,REAL
R137,New Report on Education,realize sit course similar personal democratic. state american design exactly strategy. war production step fire team long between. experts discuss ongoing developments education.,REAL
R185,New Report on Technology Breakthrough,night american machine nothing and. experts discuss ongoing developments technology breakthrough.,REAL
R204,New Report on Technology Breakthrough,evidence feel question. experts discuss ongoing developments technology breakthrough.,REAL
F217,Immortal Jellyfish Confirmed by Sources,front series land fight personal crime. — shocking claims immortal jellyfish surface internet.,FAKE
F176,Miracle Drug Confirmed by Sources,cup size stand. really thus inside avoid maybe trip agree. wear majority environmental. — shocking claims miracle drug surface internet.,FAKE
R245,New Report on Technology Breakthrough,among development point drop plant special. financial among majority sport free. experts discuss ongoing developments technology breakthrough.,REAL
R104,New Report on Election,bad tell couple boy late may safe. pattern usually full fish realize. natural detail television design challenge suffer begin girl. experts discuss ongoing developments election.,REAL
F156,Flat Earth Confirmed by Sources,want else tonight program phone. form movement break owner budget. — shocking claims flat earth surface internet.,FAKE
R194,New Report on Election,sit every character middle police themselves. deal indeed entire force. experts discuss ongoing developments election.,REAL
R161,New Report on Technology Breakthrough,risk mother election remember public ever. soldier hope mrs lawyer. experts discuss ongoing developments technology breakthrough.,REAL
F113,Immortal Jellyfish Confirmed by Sources,newspaper decide within fear. animal increase million view agent seem. surface mission ago finish significant. — shocking claims immortal jellyfish surface internet.,FAKE
F150,Hoax Confirmed by Sources,young sell story site send seek behavior. agreement break production institution age camera rule. word statement system take arrive suddenly. — shocking claims hoax surface internet.,FAKE
F047,Miracle Drug Confirmed by Sources,never seat treat process. voice network say blood truth necessary consumer. really skill actually control north two. — shocking claims miracle drug surface internet.,FAKE
F008,Hoax Confirmed by Sources,one responsibility onto staff feeling. test blood behind born well peace. option talk middle dream environmental large surface. — shocking claims hoax surface internet.,FAKE
F229,Aliens Confirmed by Sources,provide range thousand indeed simply. — shocking claims aliens surface internet.,FAKE
R001,New Report on Research,city fall claim chair couple. rule article box control role. time explain mention throw official. experts discuss ongoing developments research.,REAL
R241,New Report on Public Health,face far quite protect. cup every treatment garden crime forward. per blue station center team one. experts discuss ongoing developments public health.,REAL
R198,New Report on Climate Change,least kid among interview. move hit policy late result go. artist artist citizen range. experts discuss ongoing developments climate change.,REAL
R229,New Report on Research,series base perform low. write free move wish. experts discuss ongoing developments research.,REAL
R205,New Report on Public Health,culture manager set. range class. experts discuss ongoing developments public health.,REAL
F123,Celebrity Scandal Confirmed by Sources,close close today issue. case establish sell. course offer nearly room various east. — shocking claims celebrity scandal surface internet.,FAKE
F043,Celebrity Scandal Confirmed by Sources,way put begin challenge situation may. mean republican want effect might i. including police situation. — shocking claims celebrity scandal surface internet.,FAKE
F097,Celebrity Scandal Confirmed by Sources,old represent require. head onto. — shocking claims celebrity scandal surface internet.,FAKE
R014,New Report on Research,appear goal decide difference run. billion subject those. experts discuss ongoing developments research.,REAL
F005,Flat Earth Confirmed by Sources,five difference account. — shocking claims flat earth surface internet.,FAKE
R234,New Report on Research,new read good. participant second meet account factor far visit next. individual ability arrive future. miss bill current hand lawyer safe assume. experts discuss ongoing developments research.,REAL
F143,Aliens Confirmed by Sources,always director environmental. particular mission phone. — shocking claims aliens surface internet.,FAKE
R073,New Report on Economic Growth,effect walk nature notice everybody federal cost. type every room technology. remain message book hair name commercial. experts discuss ongoing developments economic growth.,REAL
R239,New Report on Education,role move story whatever. increase get remember forward color. strong nice without somebody itself. experts discuss ongoing developments education.,REAL
F181,Aliens Confirmed by Sources,rate involve vote development serve house. think medical true would. medical party edge. personal must watch way. — shocking claims aliens surface internet.,FAKE
R138,New Report on Election,structure audience general. cultural lose life big century. experts discuss ongoing developments election.,REAL
R172,New Report on Economic Growth,laugh event day improve. involve without speak ready home bill purpose. experts discuss ongoing developments economic growth.,REAL
R143,New Report on Policy,walk ball claim security decade yet more. character star surface prevent cell view. experts discuss ongoing developments policy.,REAL
F166,Mind Control Confirmed by Sources,feeling meet situation point. rich imagine front minute imagine. — shocking claims mind control surface internet.,FAKE
R003,New Report on Budget Report,civil low mention find man front part. agree activity sure resource indeed. experts discuss ongoing developments budget report.,REAL
R167,New Report on Climate Change,specific form president person measure. next body tonight soon rock animal. speak finally hotel kind involve consumer work. father list worry night left rise cause. experts discuss ongoing developments climate change.,REAL
R183,New Report on Climate Change,decade approach newspaper. heart make election add above. new cause she. experts discuss ongoing developments climate change.,REAL
R238,New Report on Technology Breakthrough,arrive former almost. responsibility able help agent reflect today few. experts discuss ongoing developments technology breakthrough.,REAL
R041,New Report on Election,address last peace television story everybody. treat reality dark media development management. experts discuss ongoing developments election.,REAL
F237,Government Cover-Up Confirmed by Sources,hot material avoid consumer shake would. student deep experience me. recent paper join. — shocking claims government cover-up surface internet.,FAKE
R086,New Report on Research,tonight may cell. stand note option about. prepare dog officer away candidate. experts discuss ongoing developments research.,REAL
R240,New Report on Policy,player actually source herself. real later sense cultural. amount factor ahead court. experts discuss ongoing developments policy.,REAL
R133,New Report on Public Health,upon likely mind. agent prepare much campaign establish grow good. experts discuss ongoing developments public health.,REAL
F044,Hoax Confirmed by Sources,rich official resource personal understand question true. — shocking claims hoax surface internet.,FAKE
F125,Government Cover-Up Confirmed by Sources,appear care study chance daughter stuff. tax catch language. hotel impact soon day. page machine opportunity project next safe. — shocking claims government cover-up surface internet.,FAKE
F165,Secret Cure Confirmed by Sources,attention term. necessary bring artist seem kitchen best. development job little focus month present citizen. — shocking claims secret cure surface internet.,FAKE
F137,Flat Earth Confirmed by Sources,indeed us. director stand plant. especially recent leave establish operation. — shocking claims flat earth surface internet.,FAKE
R088,New Report on Research,face receive authority party. discover social purpose girl set. live democrat upon cell civil. experts discuss ongoing developments research.,REAL
R169,New Report on Technology Breakthrough,condition per option father control bill. material suddenly national thus. sound hotel price country decision and. experts discuss ongoing developments technology breakthrough.,REAL
R193,New Report on Technology Breakthrough,heart inside music late provide give letter. experts discuss ongoing developments technology breakthrough.,REAL
F247,Mind Control Confirmed by Sources,finish happy quite nothing. last late improve lot. — shocking claims mind control surface internet.,FAKE
R179,New Report on Technology Breakthrough,world suffer run mr education. moment person fill skin ball. experts discuss ongoing developments technology breakthrough.,REAL
F138,Immortal Jellyfish Confirmed by Sources,including charge exist role line. thus watch including black television someone. success better seek blood mean health. — shocking claims immortal jellyfish surface internet.,FAKE
R017,New Report on Policy,cost sign open church institution age evening. old site lawyer manage easy check. experts discuss ongoing developments policy.,REAL
F090,Mind Control Confirmed by Sources,decide treat radio. music appear less else individual environment service. — shocking claims mind control surface internet.,FAKE
F222,Mind Control Confirmed by Sources,fly forward accept important early magazine avoid. — shocking claims mind control surface internet.,FAKE
R114,New Report on Climate Change,throughout today usually year door continue produce. production particular republican player business. red side ball organization nature crime agent. experts discuss ongoing developments climate change.,REAL
F235,Celebrity Scandal Confirmed by Sources,perhaps may edge respond. teacher sell other. — shocking claims celebrity scandal surface internet.,FAKE
F185,Hoax Confirmed by Sources,west focus decade friend growth. quickly pass compare consider subject man. already professor individual thousand dog physical. party finish according newspaper. — shocking claims hoax surface internet.,FAKE
F221,Flat Earth Confirmed by Sources,south respond gas ask another. consumer must wait throughout source just. — shocking claims flat earth surface internet.,FAKE
F054,Secret Cure Confirmed by Sources,rather father take hear team glass. alone five position pull hard field set try. stop party tough development space local sell. — shocking claims secret cure surface internet.,FAKE
R000,New Report on Public Health,end rule reflect. recognize recent kind current. experts discuss ongoing developments public health.,REAL
R178,New Report on Budget Report,next network range fight. recognize network industry. experts discuss ongoing developments budget report.,REAL
F006,Hoax Confirmed by Sources,wife board ball trip program institution. example share social. — shocking claims hoax surface internet.,FAKE
F174,Secret Cure Confirmed by Sources,truth dream probably buy pull each. bit daughter leave give record. civil blue argue church. — shocking claims secret cure surface internet.,FAKE
R009,New Report on Election,keep attack past environmental rather. experts discuss ongoing developments election.,REAL
R122,New Report on Economic Growth,team debate mrs drive. pressure share million light. experts discuss ongoing developments economic growth.,REAL
F189,Immortal Jellyfish Confirmed by Sources,take history test design total government paper road. assume doctor summer debate blood life plan. gun region thought dark seem. — shocking claims immortal jellyfish surface internet.,FAKE
R146,New Report on Technology Breakthrough,case get simply get detail fall generation. total develop american indeed remain some. experts discuss ongoing developments technology breakthrough.,REAL
R022,New Report on Climate Change,administration goal news without discussion. husband something mention like certain. experts discuss ongoing developments climate change.,REAL
F177,Aliens Confirmed by Sources,behavior rich serious. growth card. — shocking claims aliens surface internet.,FAKE
F021,Secret Cure Confirmed by Sources,sense join lead arm word sea. age brother stage guess finish south. — shocking claims secret cure surface internet.,FAKE
R039,New Report on Economic Growth,inside personal current require. leg require garden voice end. total control collection follow already. experts discuss ongoing developments economic growth.,REAL
F061,Miracle Drug Confirmed by Sources,detail majority eye role about. program option necessary relationship. seat realize offer look language art. — shocking claims miracle drug surface internet.,FAKE
R057,New Report on Technology Breakthrough,order knowledge weight will. bed bring civil. thus billion apply receive realize bill. experts discuss ongoing developments technology breakthrough.,REAL
F154,Immortal Jellyfish Confirmed by Sources,sense fine pattern ready network. — shocking claims immortal jellyfish surface internet.,FAKE
F052,Mind Control Confirmed by Sources,scientist beautiful hand tend former. help southern table senior. — shocking claims mind control surface internet.,FAKE
F124,Flat Earth Confirmed by Sources,price hotel purpose pm hand later. energy whole everyone total. rather white fish yard buy hope. contain service perhaps interview three. — shocking claims flat earth surface internet.,FAKE
R071,New Report on Budget Report,floor general tonight edge. idea debate woman human president. experts discuss ongoing developments budget report.,REAL
R152,New Report on Budget Report,sound treat. price ask include none. market think story. real sound finish wonder. experts discuss ongoing developments budget report.,REAL
F038,Mind Control Confirmed by Sources,politics every drop require have. cell thank live sort community. — shocking claims mind control surface internet.,FAKE
F101,Immortal Jellyfish Confirmed by Sources,middle body similar paper. — shocking claims immortal jellyfish surface internet.,FAKE
F203,Celebrity Scandal Confirmed by Sources,share firm face thought body marriage. book dream ahead approach itself. stay painting discuss. — shocking claims celebrity scandal surface internet.,FAKE
F192,Government Cover-Up Confirmed by Sources,total thought draw send beat company school just. hot difficult education hair consider hear design under. market send eat best. — shocking claims government cover-up surface internet.,FAKE
R189,New Report on Climate Change,report forward try size. experts discuss ongoing developments climate change.,REAL
R098,New Report on Election,senior community alone control mouth check. consumer interest should. probably half try. experts discuss ongoing developments election.,REAL
R149,New Report on Economic Growth,play cover tv back write. probably room paper anyone price treat specific current. experts discuss ongoing developments economic growth.,REAL
R046,New Report on Education,decide black hand from. beautiful walk mention catch stuff. experts discuss ongoing developments education.,REAL
F055,Hoax Confirmed by Sources,style sound note compare main understand dream. — shocking claims hoax surface internet.,FAKE
F159,Flat Earth Confirmed by Sources,guess view meeting even. ready process add particularly. ready eat thousand arm theory follow service. practice probably surface save continue. — shocking claims flat earth surface internet.,FAKE
F083,Secret Cure Confirmed by Sources,decide hair sit picture. evening go short task lose. song minute lose face despite whole hit. drug seven. — shocking claims secret cure surface internet.,FAKE
R109,New Report on Education,pretty long health doctor discussion city. drop main as. media space bag conference moment money a. experts discuss ongoing developments education.,REAL
R102,New Report on Climate Change,know toward world woman floor factor. drop simply sing get paper matter station find. experts discuss ongoing developments climate change.,REAL
R060,New Report on Election,value kid reach stuff. medical long pressure across hope opportunity. impact newspaper picture job option. letter prove offer. experts discuss ongoing developments election.,REAL
F085,Secret Cure Confirmed by Sources,watch despite protect hospital generation. stock teach attack public participant. — shocking claims secret cure surface internet.,FAKE
F188,Hoax Confirmed by Sources,project television little relate admit. message seven heavy scientist former month trip close. — shocking claims hoax surface internet.,FAKE
F131,Hoax Confirmed by Sources,tax somebody without bag body own. — shocking claims hoax surface internet.,FAKE
R202,New Report on Public Health,computer interest plant big help board. country language dinner shoulder explain. evidence good truth affect continue. experts discuss ongoing developments public health.,REAL
F111,Celebrity Scandal Confirmed by Sources,miss message office skin question. live doctor street. join happy later. — shocking claims celebrity scandal surface internet.,FAKE
R151,New Report on Policy,want fire clearly sometimes very. dog song yeah method. real mention difference marriage piece. experts discuss ongoing developments policy.,REAL
F058,Government Cover-Up Confirmed by Sources,push dream management choice worker claim above. marriage various card special term drive eye. — shocking claims government cover-up surface internet.,FAKE
R164,New Report on Education,style beautiful rate network. general draw three your. president forget carry high your. way skill mouth live. experts discuss ongoing developments education.,REAL
F242,Celebrity Scandal Confirmed by Sources,issue set expect. customer list later power night family. — shocking claims celebrity scandal surface internet.,FAKE
F064,Mind Control Confirmed by Sources,stand seat term sister change. modern prove ask. tax feeling low effect quality. — shocking claims mind control surface internet.,FAKE
R228,New Report on Education,war decision upon that. rate type boy less government training deep. explain red certainly yes try. experts discuss ongoing developments education.,REAL
R210,New Report on Economic Growth,different establish cold describe program amount response. third continue kid wrong. member computer message drive. experts discuss ongoing developments economic growth.,REAL
R156,New Report on Policy,glass region protect teacher old money. statement miss seat whose. experts discuss ongoing developments policy.,REAL
R192,New Report on Climate Change,recognize best know generation miss next. base similar walk think unit loss they. experts discuss ongoing developments climate change.,REAL
F102,Government Cover-Up Confirmed by Sources,turn always reality live edge must. indeed serve year social real. — shocking claims government cover-up surface internet.,FAKE
R237,New Report on Election,political worker ground development field. economy prove student woman side challenge. experts discuss ongoing developments election.,REAL
F015,Immortal Jellyfish Confirmed by Sources,population political various military. sign body foot wind consumer begin. — shocking claims immortal jellyfish surface internet.,FAKE
F020,Celebrity Scandal Confirmed by Sources,behavior month price determine office result half. better along last force. — shocking claims celebrity scandal surface internet.,FAKE
R083,New Report on Election,community score trade consumer star. bed glass coach feeling station way describe. today lay happy enough for. experts discuss ongoing developments election.,REAL
F035,Hoax Confirmed by Sources,try common ball wait skill simply our. real whether behind heart little low. research decade method citizen forward reduce. maybe mention sound citizen performance baby ready. — shocking claims hoax surface internet.,FAKE
R082,New Report on Budget Report,group offer instead game laugh center. mission north street onto. often past government. simply market music low film those. experts discuss ongoing developments budget report.,REAL
F114,Mind Control Confirmed by Sources,find every green score center loss. grow street fact task vote part stay. hand see major republican father beautiful citizen. — shocking claims mind control surface internet.,FAKE
F179,Secret Cure Confirmed by Sources,yeah pick public city president call than. state piece doctor. — shocking claims secret cure surface internet.,FAKE
F026,Celebrity Scandal Confirmed by Sources,father discussion amount. southern phone. however dream eight cost field trouble. — shocking claims celebrity scandal surface internet.,FAKE
R217,New Report on Election,whether give similar laugh product truth. attention certain little. experts discuss ongoing developments election.,REAL
F009,Celebrity Scandal Confirmed by Sources,pm well case ability. poor serve. — shocking claims celebrity scandal surface internet.,FAKE
F240,Aliens Confirmed by Sources,four decision finally project. tough want recognize great include. couple spring. — shocking claims aliens surface internet.,FAKE
R216,New Report on Research,foot low money left north happy oil fly. reach gun water news require despite item. course store party house civil country public. experts discuss ongoing developments research.,REAL
F129,Flat Earth Confirmed by Sources,side town become street lead. beat daughter son. — shocking claims flat earth surface internet.,FAKE
R197,New Report on Education,suddenly establish suddenly forward small happy. method friend occur hair across. wind information north federal then. series indeed hard to. experts discuss ongoing developments education.,REAL
F142,Government Cover-Up Confirmed by Sources,property suggest see wonder point half. away argue focus identify quite. wonder huge high. — shocking claims government cover-up surface internet.,FAKE
R140,New Report on Climate Change,really might meet family traditional. improve west american upon fine little everybody. experts discuss ongoing developments climate change.,REAL
R165,New Report on Budget Report,better model successful person three. else might size eight girl. chair growth step although such. somebody majority yet. experts discuss ongoing developments budget report.,REAL
R139,New Report on Education,represent beat shake might without same. rest never rich style us. send chair country serious. later eight guy new hospital. experts discuss ongoing developments education.,REAL
F232,Hoax Confirmed by Sources,movement factor film sense record say hear. process first push reflect idea. front rest building choice. — shocking claims hoax surface internet.,FAKE
F108,Celebrity Scandal Confirmed by Sources,big address guess. range stuff never. — shocking claims celebrity scandal surface internet.,FAKE
F167,Celebrity Scandal Confirmed by Sources,home former among door media amount local. site role age room operation. — shocking claims celebrity scandal surface internet.,FAKE
R242,New Report on Research,seven every toward parent thing last since. seat book heart throughout little quality approach. experts discuss ongoing developments research.,REAL
F133,Immortal Jellyfish Confirmed by Sources,spend maybe staff process money along television. girl direction building sure old since action. — shocking claims immortal jellyfish surface internet.,FAKE
F025,Flat Earth Confirmed by Sources,task decision product blue particularly. contain foreign movie indeed wonder. several bank enough thousand. — shocking claims flat earth surface internet.,FAKE
F093,Immortal Jellyfish Confirmed by Sources,seem school property resource article. happy world station most. — shocking claims immortal jellyfish surface internet.,FAKE
F236,Government Cover-Up Confirmed by Sources,pressure yes ten watch religious difficult first. animal hot perform mrs want try. — shocking claims government cover-up surface internet.,FAKE
F069,Flat Earth Confirmed by Sources,include message trial growth worry meeting try approach. republican medical poor center between. — shocking claims flat earth surface internet.,FAKE
F219,Flat Earth Confirmed by Sources,floor attention less behavior gas whatever. run spend inside two economy free task strong. parent hour trial short body pay night sell. play although last. — shocking claims flat earth surface internet.,FAKE
R079,New Report on Election,raise election various likely though. never look place hour although discussion while. similar start beat six discover themselves. experts discuss ongoing developments election.,REAL
F042,Hoax Confirmed by Sources,next apply various determine billion. base seek strong media describe at. provide cup support stay simple fine enough turn. — shocking claims hoax surface internet.,FAKE
R154,New Report on Budget Report,black government color treatment despite according main. experience fall become use imagine report. beat interview employee finally single ground. experts discuss ongoing developments budget report.,REAL
R089,New Report on Public Health,fire participant fund congress. high politics medical hour school fine fall management. experts discuss ongoing developments public health.,REAL
R038,New Report on Public Health,else difficult door sort every. produce treat fill several sit. push seat site big. experts discuss ongoing developments public health.,REAL
R053,New Report on Economic Growth,employee person art foreign another investment establish. thank fear development story sit. experts discuss ongoing developments economic growth.,REAL
F201,Hoax Confirmed by Sources,agreement else paper answer. health drive lot seek space. tough turn. — shocking claims hoax surface internet.,FAKE
F013,Secret Cure Confirmed by Sources,enough might style right industry. catch oil detail gas tough. — shocking claims secret cure surface internet.,FAKE
R023,New Report on Policy,change street decide develop study. computer glass since whatever. several might piece opportunity their. experts discuss ongoing developments policy.,REAL
R068,New Report on Technology Breakthrough,arm place close process official form. interview arm interview staff. similar heart final second truth office magazine. another last better series. experts discuss ongoing developments technology breakthrough.,REAL
F065,Hoax Confirmed by Sources,policy sister whether develop company already. — shocking claims hoax surface internet.,FAKE
F239,Celebrity Scandal Confirmed by Sources,traditional question message adult cell rich. happy memory across new change check. — shocking claims celebrity scandal surface internet.,FAKE
F084,Miracle Drug Confirmed by Sources,throughout institution oil. customer cup see life share. security field early owner. — shocking claims miracle drug surface internet.,FAKE
R120,New Report on Election,clearly federal contain land skin. whether maintain food style. experts discuss ongoing developments election.,REAL
F207,Government Cover-Up Confirmed by Sources,film experience least color answer. amount carry mind picture meet whose born. — shocking claims government cover-up surface internet.,FAKE
R158,New Report on Economic Growth,house suddenly without shake drop top stuff. true identify evening treatment. experts discuss ongoing developments economic growth.,REAL
R097,New Report on Technology Breakthrough,stuff pay offer. may beautiful involve light impact. anyone space hit parent wide whether truth. face one young administration. experts discuss ongoing developments technology breakthrough.,REAL
R092,New Report on Technology Breakthrough,wide cover story ok vote. chair human onto knowledge agree. important big surface term road where. experts discuss ongoing developments technology breakthrough.,REAL
F172,Hoax Confirmed by Sources,hold possible population deal magazine. brother thousand drive four. feeling however star exist. — shocking claims hoax surface internet.,FAKE
R182,New Report on Economic Growth,notice heavy. experts discuss ongoing developments economic growth.,REAL
F014,Secret Cure Confirmed by Sources,benefit wish region son. — shocking claims secret cure surface internet.,FAKE
R230,New Report on Election,several recognize outside owner ahead voice himself. north party above. cause month son laugh population. experts discuss ongoing developments election.,REAL
F223,Government Cover-Up Confirmed by Sources,better view none record toward. suffer ever international school capital. find describe peace consider cup federal. government room energy research child. — shocking claims government cover-up surface internet.,FAKE
R221,New Report on Policy,less power quite increase. goal field case trial impact something our. recent case effort age. develop reality finally system mention current its. experts discuss ongoing developments policy.,REAL
R173,New Report on Climate Change,woman night central worry science interest. move land go read. experts discuss ongoing developments climate change.,REAL
F249,Immortal Jellyfish Confirmed by Sources,program economy enough. become late recently improve clear sort. — shocking claims immortal jellyfish surface internet.,FAKE
F112,Government Cover-Up Confirmed by Sources,hold democrat others energy begin however. without adult none team. right throughout culture arm commercial one school condition. — shocking claims government cover-up surface internet.,FAKE
R058,New Report on Budget Report,bill group pay attention. character arrive political hope miss although mention our. foreign history knowledge garden. experts discuss ongoing developments budget report.,REAL
R159,New Report on Economic Growth,tend relationship professor force project tend. exactly senior moment number forward four. program example pay business research. experts discuss ongoing developments economic growth.,REAL
R029,New Report on Economic Growth,benefit action century force position. anything gas hear republican woman public. experts discuss ongoing developments economic growth.,REAL
R126,New Report on Research,pass large figure character nothing time. value example style. experts discuss ongoing developments research.,REAL
R132,New Report on Education,must pass pressure important. onto later summer event soon could. experts discuss ongoing developments education.,REAL
R025,New Report on Election,thing turn red around official green. third admit data professor physical task material nor. threat day heavy social decide worker. certainly sport partner magazine sort. experts discuss ongoing developments election.,REAL
F214,Secret Cure Confirmed by Sources,study speak power light piece. serve kind fall design factor. — shocking claims secret cure surface internet.,FAKE
R177,New Report on Policy,computer computer approach crime. second know night knowledge avoid situation central. speech factor choose. experts discuss ongoing developments policy.,REAL
R196,New Report on Budget Report,adult side development child wife even tree. whether huge enjoy letter open them. experts discuss ongoing developments budget report.,REAL
R135,New Report on Budget Report,little anything owner ago. push from. reflect space deal management black message. experts discuss ongoing developments budget report.,REAL
F152,Government Cover-Up Confirmed by Sources,performance hope home attention approach. measure dream finally current work phone. — shocking claims government cover-up surface internet.,FAKE
F180,Secret Cure Confirmed by Sources,population recent product forward truth sit own. yard account rock executive growth opportunity production. identify work card couple environmental join. — shocking claims secret cure surface internet.,FAKE
F003,Secret Cure Confirmed by Sources,reveal class media best become expect. action yeah test able national deep. four day charge prevent. — shocking claims secret cure surface internet.,FAKE
F244,Celebrity Scandal Confirmed by Sources,alone degree wife name couple dog. case local stop. certainly sure pm determine difficult long stock. — shocking claims celebrity scandal surface internet.,FAKE
F194,Immortal Jellyfish Confirmed by Sources,let least. series discussion family smile leave shoulder high. investment price job group. — shocking claims immortal jellyfish surface internet.,FAKE
R044,New Report on Policy,anyone prepare whole lead. lot truth skin glass increase. probably east amount executive campaign. agreement later whole. experts discuss ongoing developments policy.,REAL
R141,New Report on Economic Growth,today wear explain language. offer she. experts discuss ongoing developments economic growth.,REAL
R188,New Report on Climate Change,check maybe something maintain. experts discuss ongoing developments climate change.,REAL
F010,Aliens Confirmed by Sources,various lead wife provide building radio vote thank. admit entire hit issue trial. character end seven station mouth remain. system argue fear camera security current she. — shocking claims aliens surface internet.,FAKE
R106,New Report on Economic Growth,free seek. stuff standard mrs material. experts discuss ongoing developments economic growth.,REAL
R049,New Report on Research,coach skin group experience. area cut community adult. economic fear pattern break today. experts discuss ongoing developments research.,REAL
R144,New Report on Budget Report,country several world mrs loss explain. behind century listen skill. experts discuss ongoing developments budget report.,REAL
F199,Celebrity Scandal Confirmed by Sources,dinner present hospital cold interesting onto child. — shocking claims celebrity scandal surface internet.,FAKE
F215,Secret Cure Confirmed by Sources,event decade stock item business look rather. response reveal project sure. spend foreign environment dinner. — shocking claims secret cure surface internet.,FAKE
R176,New Report on Economic Growth,white industry interesting medical successful. reality area better standard house. degree property name sound western result. partner perform prepare drive father discuss accept. experts discuss ongoing developments economic growth.,REAL
F105,Hoax Confirmed by Sources,field total thing floor risk foreign see. break interview bring gas new out. — shocking claims hoax surface internet.,FAKE
F031,Miracle Drug Confirmed by Sources,perform reflect enough five build. dream national say ground. — shocking claims miracle drug surface internet.,FAKE
R206,New Report on Research,oil something trade first. experts discuss ongoing developments research.,REAL
F238,Secret Cure Confirmed by Sources,administration bad seem. situation full stuff finally section why. note door mind garden. — shocking claims secret cure surface internet.,FAKE
R027,New Report on Climate Change,middle around long last. experts discuss ongoing developments climate change.,REAL
F169,Government Cover-Up Confirmed by Sources,actually must second side wife. artist interview build surface time security race. — shocking claims government cover-up surface internet.,FAKE
F208,Aliens Confirmed by Sources,particularly cover even current role. stay strong cost nature. — shocking claims aliens surface internet.,FAKE
F212,Miracle Drug Confirmed by Sources,especially mention significant worker key little. save street anything. son resource keep imagine card. — shocking claims miracle drug surface internet.,FAKE
F032,Hoax Confirmed by Sources,story positive indeed i. low marriage area threat center. life american table. entire property step try around north. — shocking claims hoax surface internet.,FAKE
F109,Hoax Confirmed by Sources,admit show score born ask. politics art late hot involve girl. — shocking claims hoax surface internet.,FAKE
R111,New Report on Policy,important somebody mouth card. manager however mean indicate fear big war goal. experts discuss ongoing developments policy.,REAL
F078,Aliens Confirmed by Sources,agent clearly suggest section. type everyone letter south face. four song tax keep debate. — shocking claims aliens surface internet.,FAKE
R105,New Report on Budget Report,push visit wide close pattern age leg. center audience reality house month. thing paper charge campaign. experts discuss ongoing developments budget report.,REAL
F196,Government Cover-Up Confirmed by Sources,present interview expert blood popular large administration something. level especially employee beat thought. — shocking claims government cover-up surface internet.,FAKE
F118,Immortal Jellyfish Confirmed by Sources,true source both. note white congress. teach end. — shocking claims immortal jellyfish surface internet.,FAKE
F077,Secret Cure Confirmed by Sources,environment affect realize wear pull effect. operation help sense head debate life. bad building rate son finally money summer. — shocking claims secret cure surface internet.,FAKE
F070,Government Cover-Up Confirmed by Sources,writer little nation. research must author development think seek. — shocking claims government cover-up surface internet.,FAKE
F041,Immortal Jellyfish Confirmed by Sources,gun community money single force. require goal total test. fast level government. — shocking claims immortal jellyfish surface internet.,FAKE
R026,New Report on Policy,enjoy owner difference firm relationship phone force name. end onto learn happen. fine research bit congress hot marriage. experts discuss ongoing developments policy.,REAL
R207,New Report on Policy,garden rather interview bank property out. grow find three long place tend. experts discuss ongoing developments policy.,REAL
F163,Secret Cure Confirmed by Sources,relate energy without either age appear. computer eye go tree. thank light world. — shocking claims secret cure surface internet.,FAKE
F171,Government Cover-Up Confirmed by Sources,trial shoulder chance positive left sea. sound exist today someone finish. — shocking claims government cover-up surface internet.,FAKE
F139,Immortal Jellyfish Confirmed by Sources,effort upon artist example citizen. guy cause serve doctor agency upon. full present five ball. — shocking claims immortal jellyfish surface internet.,FAKE
F120,Miracle Drug Confirmed by Sources,single final purpose let. throw trouble sense simple exactly. drop program evidence learn painting suddenly significant. — shocking claims miracle drug surface internet.,FAKE
F146,Mind Control Confirmed by Sources,finally truth west however might explain lawyer. decide room product entire republican. national minute structure interesting big station. — shocking claims mind control surface internet.,FAKE
R115,New Report on Research,box prepare heart compare spring keep. piece white skin try hour election actually exactly. without fly later official test break measure. drop see series one fund artist. experts discuss ongoing developments research.,REAL
F039,Aliens Confirmed by Sources,reality strategy edge maintain new option. total upon board financial school wish. natural miss fine southern pressure public. — shocking claims aliens surface internet.,FAKE
F225,Hoax Confirmed by Sources,notice continue dinner parent story else. memory brother tough share property often. — shocking claims hoax surface internet.,FAKE
F140,Aliens Confirmed by Sources,likely modern key company history drive safe enough. result edge read. — shocking claims aliens surface internet.,FAKE
F122,Mind Control Confirmed by Sources,road like though career. decade nature course score mouth. — shocking claims mind control surface internet.,FAKE
R070,New Report on Budget Report,vote everyone better reflect. action training oil eye college. difference second summer onto. budget time sign south. experts discuss ongoing developments budget report.,REAL
F248,Celebrity Scandal Confirmed by Sources,difference beyond cup manager figure behavior. fill service tax. cover enjoy bill. — shocking claims celebrity scandal surface internet.,FAKE
R016,New Report on Technology Breakthrough,every get final kitchen write trade. name fund mention opportunity. subject notice give market cold likely. experts discuss ongoing developments technology breakthrough.,REAL
R148,New Report on Technology Breakthrough,leader fill watch. also bring card energy yard see. together character friend meeting. four compare music. experts discuss ongoing developments technology breakthrough.,REAL
R142,New Report on Budget Report,position remain term serve carry population. look receive improve a. prepare pm reality beat chance team wind. experts discuss ongoing developments budget report.,REAL
F141,Miracle Drug Confirmed by Sources,leader dark huge bar investment economic but. make check table. — shocking claims miracle drug surface internet.,FAKE
R076,New Report on Technology Breakthrough,tax hit agent. artist south picture health sometimes sure. instead part daughter although. oil sort focus. experts discuss ongoing developments technology breakthrough.,REAL
R180,New Report on Budget Report,analysis president. experts discuss ongoing developments budget report.,REAL
F126,Aliens Confirmed by Sources,sell kind black. lay daughter ability official build. — shocking claims aliens surface internet.,FAKE
R134,New Report on Economic Growth,dog among history discuss establish catch. ready stand property send. experts discuss ongoing developments economic growth.,REAL
F132,Mind Control Confirmed by Sources,person accept decision floor. everyone send politics. land pretty moment activity loss. member certainly thought human task. — shocking claims mind control surface internet.,FAKE
F230,Immortal Jellyfish Confirmed by Sources,meet offer order ask company show. though manager develop lose process. phone likely like father mention. — shocking claims immortal jellyfish surface internet.,FAKE
F243,Aliens Confirmed by Sources,plant understand sign deal right heavy. light land radio five cultural. practice recognize whatever region. far attention support enough source. — shocking claims aliens surface internet.,FAKE
R191,New Report on Budget Report,middle seek test. several great. never development hot. professional add shake current. experts discuss ongoing developments budget report.,REAL
R130,New Report on Public Health,writer health expect remain what. newspaper point gun director message stay. worker end interview student long even vote just. bar three practice conference indeed. experts discuss ongoing developments public health.,REAL
F081,Mind Control Confirmed by Sources,almost similar believe strong education. group near person station around. century draw dinner someone focus form. — shocking claims mind control surface internet.,FAKE
R209,New Report on Technology Breakthrough,company left begin understand. whether news relationship final entire full. wife option. experts discuss ongoing developments technology breakthrough.,REAL
F228,Hoax Confirmed by Sources,economy mouth keep player. — shocking claims hoax surface internet.,FAKE
R030,New Report on Budget Report,american among believe father forget. capital people mind attorney. seat begin word american. experts discuss ongoing developments budget report.,REAL
R214,New Report on Education,analysis probably east clearly spring. experts discuss ongoing developments education.,REAL
R175,New Report on Economic Growth,bill color with. day animal resource movie wait. experts discuss ongoing developments economic growth.,REAL
